input,time
1000,43.73598098754883
2000,162.9006862640381
3000,367.84934997558594
4000,719.2819118499756
5000,1131.3252449035645
6000,1622.8079795837402
7000,2222.5682735443115
8000,2886.528491973877
