input,time
1000,101.23002529144287
2000,375.0265836715698
3000,980.3403854370117
4000,1694.386601448059
5000,2639.6944761276245
6000,3755.1448345184326
7000,5145.304346084595
8000,6722.011303901672
