input,time
1000,19.662141799926758
2000,83.65607261657715
3000,177.93750762939453
4000,360.7189655303955
5000,562.8669261932373
6000,797.76930809021
7000,1091.45188331604
8000,1403.8145542144775
